<?xml version="1.0" encoding="UTF-8"?>
<beans xmlns="http://www.springframework.org/schema/beans"
	xmlns:xsi="http://www.w3.org/2001/XMLSchema-instance" xmlns:context="http://www.springframework.org/schema/context"
	xmlns:mvc="http://www.springframework.org/schema/mvc" xmlns:tx="http://www.springframework.org/schema/tx"

	xmlns:aop="http://www.springframework.org/schema/aop" xmlns:p="http://www.springframework.org/schema/p"
	xsi:schemaLocation="http://www.springframework.org/schema/beans
        http://www.springframework.org/schema/beans/spring-beans.xsd
        http://www.springframework.org/schema/context
        http://www.springframework.org/schema/context/spring-context.xsd
        http://www.springframework.org/schema/mvc
        http://www.springframework.org/schema/mvc/spring-mvc.xsd
                             http://www.springframework.org/schema/tx 
                     http://www.springframework.org/schema/tx/spring-tx.xsd">


	<context:component-scan base-package="com.enjoy.james" />

	<mvc:annotation-driven>
		<!--可不设置，使用默认的超时时间 -->
		<mvc:async-support default-timeout="6000" />
	</mvc:annotation-driven>
	<!-- <bean class="org.springframework.web.servlet.view.InternalResourceViewResolver"> 
		<property name="prefix" value="/WEB-INF/jsp/" /> <property name="suffix" 
		value=".jsp" /> </bean> -->
	<bean id="restTemplate" class="org.springframework.web.client.RestTemplate"></bean>
	
	
	
</beans>